feature1,feature2,feature3,feature4,feature5,Authenticated
0.5997578506721972,0.012165582918438084,0.20926965163336753,1.0879263525582294,4.088241393787232,0
-5.5123236982598645,-0.42657645490943663,-0.09233597349605054,0.5014311251216328,3.844388824104646,0
-3.387748747899123,2.7864766182931593,0.19559724704398684,1.5408585959998025,4.148680080138314,0
-4.690195342708568,-1.0240812161868462,-0.10157062070265248,0.9816189966944231,3.7122957240587935,0
7.990252187164856,0.39834274504789324,-0.3022863347312122,1.3095356388552684,3.870291748298714,0
6.867840687857392,-0.3727823683245972,0.16267064591512964,1.2019964208372458,3.34573950017213,0
-5.272268733278578,0.34278432518487456,-0.2634111415672655,0.8008842934447491,3.8526270775432625,0
-4.711990283749461,0.2020572472815252,0.16901358379722675,0.5582077583957243,3.8756063720228004,0
4.315288144525312,4.623942948382816,0.23702829742119624,1.3436750418234216,3.4604877995697434,0
-0.1853205653206531,4.956684982372259,-0.1898635694887625,0.7820393540128792,3.578049768464518,0
-0.5503882532811326,-1.176127727340058,-0.1535254087880785,1.4698830218200745,3.8977132130129335,0
-0.9294625356867838,5.806943352477685,-0.27495320525891287,0.8640931729962954,4.089733938098975,0
-5.899074259546988,-3.148696155761339,-0.07898386523976085,1.3221256825630876,3.976637805027333,0
13.050297973075114,5.2887949613535366,0.12065498380793829,0.398724933505494,4.1265944564179655,0
-4.843422920626562,0.2143852013727976,0.3355227192889686,0.921608583596669,4.22767743471396,0
4.190106297905771,-2.0189573028749805,-0.05611564677817865,1.5396048668733093,4.007307687781618,0
2.013250772176239,1.1060147356724452,-0.17367501688724815,1.5299349116749419,3.23962894481741,0
0.659363568357048,5.6905911654092725,0.04566919897570832,1.566567915998837,3.2649684418000064,0
1.5818694862740252,0.7931699817102549,-0.15612995683040523,1.8173094161340102,4.0978757470686125,0
2.74495698388596,0.12668901117851988,0.2475266415355788,0.7560750281788454,4.1785176976617535,0
1.5962803442497975,7.342512903342881,0.24268871281758206,1.366537403054733,3.913746403343757,0
0.42030096931751854,1.1671271324042138,0.46654324803439,1.3707197750204376,4.183096335848211,0
3.4890060749454888,6.972319612553628,-0.17852650611554768,1.2463930925507367,4.436554415300805,0
7.203486656300705,-0.6653710519321452,-0.11616150383513073,0.9811189605903199,3.6766174974274737,0
-0.525219400882049,4.873083428416656,0.09184092818074234,0.8060732306885117,3.977841497760175,0
5.791211417377373,4.909349600567108,0.22613962917827987,0.5712640763328263,3.8174133338106655,0
2.4399931142398765,6.836757652662107,0.32340565209024924,1.096511763589726,4.028718852813086,0
-3.1731083351077514,2.460700723406528,0.17054765731384905,0.9959025464764849,3.89888273205644,0
1.094444735147695,5.198676259673009,0.11059757120107015,1.2135325127624683,3.7354064953361314,0
6.83525286824306,2.9906443998785472,-0.5351296912351224,0.7243121226429003,4.334014437190746,0
4.352029702051009,-0.00517567930530205,-0.17644561084088506,0.786149409692229,3.933481236635701,0
-5.7748474038594555,-1.7523662010311631,0.10409088793716192,0.39700186606396126,4.018737789028101,0
5.520341844182832,5.7278765187861715,0.10277601259102241,1.0351807707567733,3.4979214923182487,0
4.634432369032286,5.826209195186163,0.0294902034944871,1.078947948150483,3.8662444087303003,0
1.6569205460075451,-0.22052078184620816,0.2970378938785264,0.9811082167170109,3.747709479809016,0
0.2940370694299195,3.8691356044300704,-0.5228780164895298,1.6440664676729566,3.6537509788660194,0
0.3275375594188037,0.4263824141812039,-0.016363294305737432,0.9363181701145089,3.9638085211219827,0
1.9686749710397673,2.827422979837302,-0.15729465879691773,0.5538171574017478,3.769240206287317,0
10.141726648014782,2.856499740478712,0.31672732658067165,0.710066914038807,3.3295187174270424,0
6.107416961714474,3.1559087155542254,0.37967863731862067,1.1444889569836232,3.8736788069621535,0
-0.31959042280671546,0.5664430682307857,-0.10316778678243499,1.8689647985118631,3.7231643031505373,0
7.089574492156218,4.729499153379134,-0.1143642984609529,0.9680624233297018,3.6737825674715294,0
4.998473636859236,6.180839934479939,-0.5050921117462145,0.23208703270568043,3.643098876809955,0
9.39038294321254,0.9853302946738955,0.35164349362106195,0.6172159395369771,3.649982975248032,0
9.31029323554058,1.2417752770484447,0.3893085249297689,0.7627746735983219,4.017755424694222,0
4.028857106175845,6.232977913461694,-0.0565049658689131,0.8599336912905811,4.02842965480412,0
-0.5338746958313072,4.896797964828191,0.657972955899915,1.2692584304877657,3.6266386487088407,-1
-1.9029130238943701,4.350535451251031,0.1755602210316425,0.8769014766608052,4.3571270359288246,0
-2.237046971479681,2.3581706332364263,0.004496434663336622,0.6874124359080624,4.1630641496984016,0
11.86394236484599,5.572231764799216,-0.37479859417531014,1.4122300183398706,4.551892106206377,0
3.949400080354751,-1.6416036636868785,0.36528148315111486,1.148411610812751,4.24283456656923,0
7.4529095303074815,-0.595748212390367,-0.15109817970426384,1.211511300412136,4.196750797210827,0
-5.433710686375598,-0.29348397551259386,0.24945229812377068,1.005730563124713,3.9979537915918457,0
4.263558939895116,-2.1954736507334545,-0.005355946379575844,0.3929790742442191,4.296738908086338,0
5.755040038001341,5.2634889939552005,-0.498117167470851,1.246305502385265,4.221848532697318,0
-0.520562239300921,5.063177949625363,0.07305434116427058,1.2749591696018512,3.802122276808835,0
7.829784621189634,0.059256885520050595,-0.059259081670806166,1.4163133023297905,3.8868709486808415,0
6.874227086083005,7.4176582093171,0.0437662779322386,1.305049464932124,3.757038201655872,0
6.145797509648783,5.941884353544886,-0.20845186789770995,1.8382005895316014,4.3091660840740795,0
2.721777165364097,5.821339250615135,-0.4085436762313043,1.3377493518152581,3.5913052960619436,0
9.00847793414949,1.5362774801031727,-0.16137724492802782,1.2878026999490355,4.142017508357556,0
4.695332450480228,5.270403318320541,-0.0023811668418757446,1.2651082178482662,4.045328934431334,0
13.452603291430721,6.415783234606387,0.05125336971508979,1.2271492991136186,3.973341162092679,0
3.815867952057896,-1.2987811624069652,0.1226860643076477,1.1236697073631539,4.957353407073732,0
-0.32882207483343034,-0.7253162850941426,-0.16802312121978583,0.6164760204485097,3.9940059899044935,0
8.71460303804957,1.5966942739737786,-0.3055627480742475,1.1594221868854,4.182368356091225,0
7.5268387608720815,6.147276132630937,0.5447400176868235,1.3872234562187131,3.7342712266868117,0
1.072302796011567,-0.7289292043675928,0.03494998841009992,1.1166455216466113,4.008087703883154,0
-0.7062917152653716,4.454302622641286,-0.44501534578066154,0.9229817765819796,4.208194962282723,0
5.878666999665159,5.029571809767409,-0.05484988494553527,0.8292077750575182,4.286158342001087,0
11.239380835486834,4.441524828741428,-0.030985610642701278,0.7446804383744685,3.735654374894226,0
5.086834645437971,3.647513518331942,-0.10549671093671555,1.1500693908843478,4.101212785165405,0
1.8971801521120821,-1.0025023711012788,-0.11215233769368238,1.1419563370118355,4.258518919217995,0
4.64479026913753,-1.5206532334228717,0.39647576049174915,1.0021598840959351,3.9483458311163337,0
3.2488747790720973,7.070816459619174,-0.3302336540759458,1.0788043968465015,4.320365497803373,0
-4.621045683743849,0.037978188762618936,-0.12491790265629582,1.3953246802425694,4.179768985291648,0
1.5843687781289457,5.453445962980774,0.02380274502427281,0.84485243880422,3.99919981445278,0
7.63550921784763,0.8302636510389705,0.3223798567386034,0.9689735600941648,3.8487028021235394,0
10.446762873618148,3.0474325327794807,0.26737285284559587,1.4916047715420726,4.084381818289484,0
-1.8991537183310598,3.381924063550522,-0.007275478662931288,0.8232987322007017,3.9496602262099083,0
7.87749399495444,0.6286842296029412,-0.17594374350628525,1.306068533187021,4.0146401481328144,0
-2.6145917208358602,3.2395950660859114,-0.33035309502358773,1.271657094144836,3.5160500557402354,0
12.355041373002006,5.924993334012264,-0.23969395953797928,1.1814176366842035,3.953160900939248,0
8.130517873160386,0.8003690894168811,0.11848091539701236,0.9506081599482318,3.715453305156969,0
-2.067246996249928,4.128106378769419,0.03776333970143297,0.8175572104249226,4.508878312639427,0
2.4195664596801594,-1.8511161495371249,0.073249696709715,1.615143982767156,4.345040026313842,0
6.6965628475886385,5.169281163942058,0.18377611905204036,1.0075261217995626,3.993197875123849,0
8.941267371271085,1.2911461204848522,-0.21660938538252877,0.5266565658331481,3.895892977857833,0
-0.1390927253763805,1.4507283010994372,-0.2688072926302547,0.7902972331833755,3.93907547744504,0
1.8936020477476199,1.786489135752329,-0.043470834617305575,1.2560876442357847,4.0176229900558,0
1.94355258994684,-1.6881291902000708,0.24768934963096595,1.348888493042735,3.8475213536628177,0
3.1575853687020965,-1.6841505094951725,-0.22490367674010173,1.376110669797979,4.670254597029272,0
-5.795678394244708,-1.2493827945740958,-0.04921817641296603,0.6634944929688126,3.50957806695008,0
-1.8153447536377347,4.286272849922004,0.4361327596975943,0.5973748136195112,3.6668815655651206,0
2.576027918813784,-1.3828775056139464,-0.01269382966411346,0.9926628360343036,3.866769273103979,0
0.9494581556843941,5.295763356555048,-0.3035289407412167,0.6793481569200479,3.284190300796357,0
9.993551764117289,1.5973575398775162,0.123888863948894,0.5076376191238086,4.471040113928138,0
0.8160289652813324,5.994080355532573,0.10093030773649406,1.8651357226480672,4.028557557882131,0
-4.384106135873942,1.3390482205197927,0.1125125858252736,0.6896584429058386,4.589471168464012,0
5.79082796539806,4.429208031264184,0.3563107080286197,0.5101418986767196,3.7053975866648576,0
6.395424912118015,4.454524077961104,-0.2862531992632232,1.194449298056953,4.403065218494192,0
8.42058380829635,0.2197279643647202,-0.43660355024910097,1.0593224076124819,4.3142621463764455,0
4.1863153608566215,0.6116289453689546,0.2245232808080709,1.0381823806285226,4.21013467311594,0
1.8816914782445127,0.0007140074892891257,0.12252426908669425,0.9061895390069102,4.163872527950458,0
-6.640876893649677,-1.920057376830576,-0.003957255843621861,0.6767735228232534,3.8990120237135217,0
12.884051865093474,6.356035343132536,-0.10793929597179584,0.9078314976065841,4.490897964600798,0
0.39791953445779116,-2.195102424257829,0.12564396135219527,1.1567754377355126,4.092414045909344,0
12.357669560886041,3.822873351288899,0.6008065207714262,0.6305100210308587,3.8980420229757797,0
0.7493731144271706,2.1069167191051945,0.1106367199699576,1.5452822190926834,3.758430656159166,0
11.63298804551167,3.4094197103991664,-0.12717709759561296,1.45526583466132,3.6196114520081233,0
5.239799199501206,-0.18226286970735694,0.31890014253176835,1.405021426125814,3.768625238452215,0
12.122436105782478,5.308171189691906,-0.40880910625841477,0.6134950822205952,4.430965938283733,0
5.180524421129195,0.6577398254835628,0.3020256569937889,1.7457168443425757,4.028666565734172,0
3.4029643750389065,6.528603447407324,0.40961035142632235,0.9488465266926843,3.915575905712215,0
13.062567653541178,6.779710031491883,-0.21658676725179413,1.2383318938157233,4.769448727765138,0
-0.25274499428909314,5.052847921767634,-0.24651293198916818,0.794106908764909,3.883119128623609,0
-3.980208435115655,1.2931964124093036,0.3240080862291963,1.3053369023774921,3.827644124194461,0
12.267999442121761,5.211675528450564,0.17994583794011498,1.21406821085737,4.008240338225511,0
-0.19226863014829199,-0.32221905089364145,-0.22043065184145802,0.4978496314104519,3.9772400947473407,0
-2.16288044879446,3.0177234605696177,-0.012439878063854017,0.6298436425207228,3.648666797844861,0
-6.562524864426621,-1.0472624269762467,-0.3372840148366249,1.3235539926200228,4.132254618256435,0
3.9923802958897445,7.210701694661911,-0.19312989648626613,0.9997846062543531,3.6172724223572383,0
5.694605562189896,-1.4679630426823884,0.005650505213422851,1.1721893553241673,3.8059194372894023,0
3.9019955570050673,-2.0350687946266905,0.023827344343195906,1.7301816481839853,4.092471800287465,0
13.556154902308265,7.751932651832705,-0.2811732883095369,1.1454850963087106,3.9471717972493106,0
0.8816769518296578,-0.8513102697631297,0.07702928795007205,0.8566495077523846,4.20932509685365,0
4.465760026566298,6.839489987982077,0.30323619909438,0.934877310592644,4.052320274745122,0
5.911932329653811,-1.1082572612517232,0.2719065541849706,1.0854795037745575,4.030929988500233,0
-1.3459550183173248,4.731830871176074,0.4841920433362548,0.8845315663533841,3.714786956766381,0
7.247540055304577,3.745524119383286,-0.15420841035007374,0.8842717350525773,4.321690516928716,0
0.27037166908769755,0.3442857629574549,-0.27961586697615914,0.9427943141197712,3.5288678843471546,0
1.1088072950651724,-1.0848839318229038,0.14875799298980164,1.2546929668174773,4.2825860685333375,0
1.5918035113599993,3.238817038686627,0.0058470449058463225,1.4390684348312297,3.7628969518068573,0
12.547059312870516,5.565000529876357,0.04993458269677384,1.1158305304766956,3.380809628991002,0
12.752479555511767,5.367270965228597,0.03482950194203946,1.190164410872126,3.8096207931900077,0
2.4476687894365297,5.331670531378425,-0.19993061030442785,0.8707349512751023,4.390570682871122,0
5.054179453157065,-1.3450573241300645,-0.04739820802552311,0.9288931659765807,4.155012282468385,0
5.309949092180588,6.8188104610104325,0.004514631232659833,0.9698318444776842,4.2386423856848205,0
1.0991715744776152,2.2868594374869065,0.382806785594291,1.6783166597607058,4.365632198106862,0
-4.483207574566107,-0.5974363790466996,0.662316965734021,1.0086714691415375,3.9612712223969573,0
1.4516538093168854,-0.9325250810910878,-0.45963191221533906,0.8399872211261485,3.6382666246559237,0
3.188243239942172,-2.9400958771065273,-0.4037555862859223,0.7374874206075955,3.8424647065284057,1
1.3237592933652451,5.739563575394253,0.1419432471767932,0.446699234498239,3.816859059042498,0
1.8954647270304337,5.154745096239747,-0.13274134434201165,0.8688281314472583,4.5848508953013924,0
5.545659131411668,5.909013215328316,-0.3104902072284354,0.7625884683219015,3.899439823991871,0
-5.322293444985797,0.7026325551300496,0.266930324709279,0.7139342568335366,3.8263063423916437,0
7.099323806960431,0.35776943382881143,0.3172592020838993,0.871870707754208,3.851006786715295,0
6.579977565386191,2.496275113744362,-0.028349486151628234,1.420793632455698,3.606437524359346,0
-3.0117037848277297,3.125994754359048,0.08925595589527739,1.3297232375060113,4.470092194314934,0
13.280304108094006,6.592487170554781,0.010179794799601363,0.7463965367310903,4.406875097043851,0
1.0274297755224095,0.03492615649505687,0.07393811469991383,0.9156171527224836,4.263438079612705,0
10.902368447964463,2.554885894346819,0.09379480978846215,1.1234702866740975,4.2034370135266546,0
-0.268220825494646,0.30804412169960704,0.2532822323673702,1.0219889553786352,3.7569018499888482,0
12.280619950455739,5.762168776527391,0.5215091520281184,1.1297910189762965,4.041296728445035,0
7.591319991271356,0.6737889652315369,-0.06186310816154182,1.2914615224843118,4.325127977797406,0
-6.055729580698318,-0.533196341822728,-0.12550366963659715,0.49880416220714563,3.682895932870245,0
4.208643834465262,-0.22589388328393212,0.30607109622994666,1.3138307347239242,4.340302132279919,0
0.3115131241519494,0.005712097722736051,-0.08311915009871669,0.9470361227089058,4.103745750822139,0
6.661166061875583,3.762948892229578,0.2203731207256941,1.2817139762871403,4.071866783814549,0
-1.3067186935449462,4.261701336195643,0.005720247597511503,1.0309272736381105,3.84107757733691,0
3.2651602897005465,6.5034437187970005,-0.022581516965349775,1.2604532929155623,3.953076115873366,0
6.36925094947472,7.289936777157575,0.2785774677261785,0.8804428868111664,3.632631949566071,0
6.50739767261174,2.676859641313626,-0.5779509533315936,0.9317462912007649,4.048497755952623,0
5.4697388489842105,2.6378494443356573,-0.48567421931732496,0.8635977316425509,3.982379881859762,0
3.5635838490604494,-1.7087622745325926,0.19916505457674474,1.0715446146889727,3.6360964584053224,0
8.474649637312368,0.6476150289703294,-0.032427831155898576,0.9270074661988729,4.0641431404089685,0
5.1243431512365865,5.156259397107258,0.024528178164877575,1.4791820301482035,3.9067913636469425,0
4.783504982018655,6.541686704928802,-0.0438967549710418,1.11691186841294,3.545304956191567,0
0.10187215089304535,5.858007216595456,-0.43516377774068765,1.028108105056283,3.7371920377861594,0
0.9779372348402604,2.249540812949533,-0.3731779963963958,0.6661122660502761,4.209124910269716,0
5.493417790938647,5.730977855726493,0.07702626711877335,0.852832290289943,4.5647932045600905,0
0.7586324499267785,-0.1352135104200106,0.39051671846263275,1.8662103209671057,4.156763117744063,0
-6.0613320939280415,-1.6711899241143156,-0.19816833340875836,0.5214828250792864,3.8642721906543374,0
-2.5305772734498273,2.684866980163962,-0.01177393950690877,1.0839634783288172,4.413588816973139,0
3.979145130031184,-0.6899726597742061,-0.34436679443672297,1.200695337018137,3.777347428229717,0
1.0423269266840514,5.893552961679724,-0.4912887485151442,0.7170935585598384,3.52538554318212,0
4.619649375848299,7.197433869341561,0.5631208631684597,0.6310835113475952,3.9701727627963646,0
-0.7476596860632121,4.206057679517844,0.5616311682094002,1.2310039813471443,3.986506191901569,0
6.499220374289714,5.117179578372449,0.023450789108982285,0.8376492788934228,4.288019195924714,0
7.615218488464114,5.781973937404949,0.41197695127593076,1.188185586804402,3.767487090437302,0
0.06582218460741474,1.6089673970197813,-0.8657026878964607,1.2619983911378978,3.6597953440431166,0
0.3157837405832655,-1.3142495009525463,0.12613766617931269,0.9478106903373846,3.686092417511478,0
12.170832355564427,6.432841575683348,-0.030263367198178456,0.4671990445011234,3.884140656222717,1
3.840061379149983,7.791374401656391,0.08713682509828695,0.7989648223960195,4.254074422606791,0
8.056406074986649,0.9375595582378834,0.44409130249557555,0.7127016949941305,4.650893804683559,0
-5.377834558089978,-0.4480458573857231,-0.6191215332363779,0.9879705759904573,3.881640467568718,0
6.48052241632148,4.664103389994916,-0.3018430415375355,1.042250772906539,3.440003685869465,0
1.1027794106367368,2.6811147094168555,0.09218901500376553,0.7234874781285572,3.905959559520394,0
-1.1284576148887355,3.414385950533462,-0.119250900405724,1.070467578361333,4.101480386838985,0
0.9237204797155912,2.12197634374627,-0.12043512818366653,0.7968351087517792,3.8722288363711423,0
1.2403893079211947,0.9331861492135286,-0.39159034771163465,0.671748593100761,3.899170226761242,0
4.844349656183654,4.974411475080219,0.28884096524773945,0.2620924766436873,3.835866338910369,0
4.547330186217636,4.957747104956146,0.15092935535763757,0.6564064459539842,3.705272282225395,0
8.51799077109703,1.4822070419253888,0.2724976209898493,0.9794246213753088,4.029040339026849,0
-6.562843984252265,-2.1083501649914473,-0.11666837388550105,0.6370998787039017,3.677595210269077,0
1.1671300418647468,5.8355906794464305,-0.10541154259991702,0.7252584684007704,4.005091153413543,0
4.329571322924696,-1.222784279898373,-0.31556932656026554,0.89474971728372,4.0301620506394285,0
9.946885915469274,2.3906763106842037,-0.3199870836348046,1.0534534610769848,4.207977533632943,0
10.23728831275908,0.7933424685804314,0.1977018877361725,0.697576419838672,4.0768996115822915,0
11.19707383630299,4.165891924141121,-0.3152137951277569,1.096175504954839,3.701121702563129,0
6.672873095217085,3.4119248884354016,0.10074472924295369,1.420421536327155,3.6876303713346887,0
0.41515402703220683,-0.019763230051692893,0.04703048922029535,1.0268059890117804,3.5908122180623057,0
3.0972539406207833,-2.346866990303053,0.37780813528032636,1.483872290104092,4.175843178519745,0
6.850469215101613,-0.18803109398993767,-0.014941471880461233,1.1008114185801874,4.5698128845143176,0
-2.6767264764137297,2.347792472315747,0.3559155259577546,0.6622512539229942,3.665518460596497,0
2.335166979315537,1.406108373484687,-0.17987612878209394,0.7798168333669219,4.0086789560478335,0
-0.5622130205290695,0.3555373639976857,0.6196681733793781,0.8456482934631069,4.207366303195433,0
-7.25010241925604,-2.1401373067842266,-0.4640656616086768,0.9923794521644945,3.896715024341036,0
2.5703835160152453,6.2415397178770595,-0.5867620105908634,0.6488795839754236,3.897391960985294,0
3.6395494033963223,-1.0767293650827696,-0.05851546698770658,0.7305829475270427,4.083005382581175,0
7.476435000251014,4.476218800595282,0.16062728943554327,0.9764040076475777,4.433963642005625,0
2.7587748513680443,-1.2386152765914438,-0.21414706184188276,0.9961817574705032,4.3444125275504195,0
5.064666677390819,-0.9152011575628497,0.06196360138811164,1.088679210162329,4.349612512233307,0
7.754520405928556,0.4430305714620415,0.364133025712956,0.46935427487662784,4.410285857195419,0
1.1391052201346021,2.4637471232122143,-0.25142097135756525,1.1353697307257635,4.341798521601573,0
-4.674347453806702,0.18150113469912488,-0.08972930102002473,1.2074975994470343,3.8392227404790433,0
11.915523156869611,3.2086228920432087,0.024475776622330084,0.4112746268405445,4.182366567011155,0
5.993089544604195,4.519534314061474,-0.31649285251235015,0.9324754846292719,3.545911992467984,0
9.801978437130336,2.780617537390627,-0.3182037610410123,1.2058802934935469,3.7695192014786993,0
-5.887760217011346,-0.9307861476110902,0.24538916829109667,0.7699693907332013,3.945541990649884,0
-3.122380956868407,1.9372529543205517,0.1667895348819387,0.9782562061774603,4.93651001918922,0
1.7055988344357222,-1.6537866410637612,-0.10143553626299805,1.0026672394787997,2.961328265530005,0
3.8559640575404903,-1.0372733963161607,-0.26538357986252104,1.326808069184553,3.973237427442589,0
2.5289110193779356,-1.7788525600943836,-0.07350927502518537,1.2333928763590474,3.9976257689198236,0
-0.16293201105738397,4.467997313565302,-0.15262312152005342,1.2971478046513516,3.7828457622285674,0
2.1232657711609617,-1.450425250991917,-0.7232176540152139,0.7541339623320933,4.033747463693495,0
5.276674818969259,3.875935348760132,0.10504831591396267,0.823712859589098,4.490549067773942,0
-1.6791794464885479,4.674413424533327,-0.185790312914743,0.6720369991831352,4.141729953402246,0
6.2121215002440096,2.595302446741734,0.09928588330339196,1.3661660206613846,4.233565133729198,0
3.058814301769366,-0.23417898669431503,0.09036388002505273,1.5838703334593336,4.859989591591588,0
7.073806669714096,3.1315926971860604,0.5400862887048671,1.2485664305023523,3.816784916257425,0
5.8056303285847175,3.5410548717702666,0.7296093871678606,0.782213167123427,3.761239679673521,0
2.0361905314779607,-1.3427935648194333,-0.18916372544199536,1.4042262994501806,4.068260616501005,0
3.6028895735196,6.760201784894708,-0.02217202484479452,0.633032402260693,3.871667341210548,0
5.340125552208388,6.0367452033847995,0.044296238556043734,1.0577699118325998,3.883398115715892,0
-4.729613327438027,0.524438569252516,0.2057944305765238,0.7979083757004678,4.052297241501567,0
10.681826127895928,2.2831713331512375,0.13402700167983567,0.7422183478626969,4.455497069572554,0
9.175233366098752,2.1159740420386908,-0.34415053394184,0.7800239228368147,3.6774360418006427,0
-0.6709690190898381,4.554836257206876,-0.2235564736869216,1.5327221292428848,3.750873250513667,0
5.953229796188118,2.055283219314615,-0.6995898824119275,1.1744057244288384,4.1402267587305985,0
3.894770981946241,6.749036927642116,-0.14469844412821634,1.317841013559639,3.796210657134159,0
2.1739786996103696,5.50707732840578,0.18793846596294259,0.9634538047027114,4.30232195101369,0
5.407755868933346,-1.4136483266042217,-0.3043869340727388,1.4732678212452366,4.028606908831476,0
8.973205636796491,1.3494929953570227,-0.9390068495852029,1.2541973888467568,3.737554433539149,0
10.361926759292407,2.0557673917202504,-0.010283947047881855,1.1164693399792256,4.263348980218275,0
4.527937075628698,5.66611867785479,-0.01460172038681432,0.8169556491593768,3.4775570476237823,0
1.3400308689259934,5.2572836233961056,0.28227972249742467,1.4629089876149548,4.325501565123645,0
8.779451953075421,0.8363791868693505,-0.1696147746772316,1.5384379668662513,3.8700087310130105,0
-2.684505737715148,2.5115301711345985,0.019064942264018492,1.3726029068563432,3.659852841503407,0
11.689876582004256,4.419439301428205,0.0280443415636522,0.9718744328273415,4.292051899727416,0
0.3777995821393212,0.5584703938607017,0.07590088497477918,0.9792292853936538,4.012255435464479,0
-2.559512558238821,2.1866230542897993,-0.4265348247474933,1.0660241497067129,3.664396777633587,0
1.947031471185912,-1.6220024640313557,0.13047770417473567,0.5001196873912288,3.7376114859227116,0
6.1986250536013685,4.422753405587752,-0.3530767676817605,1.4287935136472196,3.906747496024375,0
10.84583565946553,2.6960087645797453,0.4040186930418157,1.1314557813001542,4.271175163418989,0
0.8116099726488544,0.6485747160018788,0.1718368782850562,0.6755394135193106,4.271010605520035,0
-0.15744261435449225,1.477556544620942,0.2872839943480937,0.938553062495186,3.8747541990321888,0
5.926416340309674,-0.3485223891209589,0.24427668902270205,1.4442977680635272,3.5555431392125563,0
3.03719678579147,5.57150621638677,-0.06137572399370283,1.0405612964026467,4.0988316652678,0
4.677953010403187,-0.3254842341802241,-0.032240429310702576,1.2195335512039904,3.847516417056706,0
10.867658167857392,3.0962167352331367,0.3584063223735659,0.8014917903385517,4.557994949873996,0
3.530002795063795,5.694691175782781,-0.40916143961007995,0.7475004135081729,3.513910388502915,0
0.23436805728335192,1.8527205010629593,-0.40368201957027544,1.0035938529785324,4.231445490268557,0
5.118337852567602,6.067282036856952,0.06852551736801366,1.2862834513280084,3.8846949359790215,0
4.882256213143302,5.924625736134603,0.5500376838065172,0.8863412839538178,3.779840214218906,0
-3.7825192860328407,0.39171568370256515,0.23401000973104993,0.9323182323647229,4.05395955439278,0
8.057337455419395,0.5063495180378018,-0.11420356209594439,1.152610781834386,4.029850048821334,0
3.8901374787019645,6.689190844783249,-0.2415667575516066,1.0307490461029987,3.87797340884662,0
7.160337462311448,-0.3378080684714082,-0.21433889447138582,0.8498261103660172,3.801942416044261,0
-4.775811184485213,0.5682801705902137,0.20577225578421587,0.9431799978881109,3.6179485682460166,0
0.9650405483997628,2.0518119314715717,0.09654338014860113,1.155326961810723,4.252989389249273,0
5.5448761729165,6.371566860291196,0.025520580573314557,0.866609638592887,3.711580387609138,0
6.281854519489164,-0.47844039604453104,-0.0021101703396062396,1.0615906766230752,4.4680501583454575,0
-4.084440586235051,1.3934383922980804,0.28802119218453387,0.869038278286035,4.460577601283348,0
-6.801002799290441,-2.9865482664076057,0.5108547188352058,1.286615559437023,4.469275070419544,0
1.442802014348083,1.0037803808240728,0.1135168534452031,0.5399136695398692,3.6119345028733996,0
-5.675841494995043,0.759219785860781,-0.4938624302898067,0.7212750405895266,4.698000592040038,0
5.3129586524623065,6.063319051994742,0.656212925426194,0.6672401382627016,3.956907973864892,0
1.9051257635211458,-0.6275908818051447,0.13803910576807035,0.9279375366302769,3.8663157785082016,0
13.354262175840436,6.750136154732665,0.40709344801269504,1.1853026259389003,3.8394933065724275,0
5.713672908464292,4.265708147963002,-0.5236363615446679,0.9301682218203738,4.391766987032596,0
8.08698312077725,0.44575067524152656,0.31265621160991924,1.017342559456415,4.1065728290881145,0
6.628340012127337,0.246595939691432,0.14237722806959652,1.405766958590899,4.119800020794142,0
13.692605165513852,6.358882925176649,-0.3771829546769962,0.7820193807264016,4.038387287493729,0
4.463332936403844,-0.9890363279327824,-0.37927952262388037,1.2135373120918502,3.743408458498098,0
5.86770511204897,4.417392913112769,-0.3330057383542674,0.8296191831637312,4.053514352139128,0
1.6506786014253532,6.383711300545422,-0.2144915213300265,0.9996610044773656,3.6405419603717055,0
6.657808620698994,0.7547376826786794,0.2591534615645196,1.1408042137600007,4.601245898219915,0
-2.4824254388981126,3.4765068877456526,0.19284456881146264,1.062542789546565,3.963672198310262,0
1.4299622814492028,1.9144216825972273,-0.049517239364401194,1.0632652945957723,4.044314061649753,0
3.37559427159819,1.4557765501174842,0.5903036821073316,0.547594774645321,4.120555035875468,0
-3.7846808754378745,1.6125321546342806,1.0502263797510951,1.2307179092791245,4.394212970258692,0
11.013281412551601,4.336386314123085,-0.06523462070666416,0.8766275031334573,3.5226998308455535,0
1.44919829557668,6.48918954183615,0.6160943488018793,1.071962333420338,4.511892243091496,0
11.878940222103832,5.971827274315214,0.07951462067072795,0.23002985146442567,3.9878565433017603,0
7.511359342119942,0.032022071487326165,-0.22714847555158266,1.051830473941773,4.189309385524651,0
1.5900514661968166,-0.7887437135185741,0.10857669825273737,0.9243962873864363,4.65925964125866,0
1.8229582672608755,-1.4303618647400724,0.03732541364276085,1.4076892572962092,4.061977637727927,0
0.460584571426331,4.680093231807828,-0.3045585204323339,1.2302607142258282,3.7387249095446307,0
7.222448551231107,0.011813618872417497,0.03719541437040723,1.1730320489753538,4.206910885418934,0
-3.8426366177814697,0.45703869482204107,0.42979816130838694,1.1560034259183043,3.9232518943670054,0
12.064972302733969,6.0365398955478105,0.10429365576653876,1.4169615300002576,3.7563240119493413,0
12.323102209317938,4.989556853068889,-0.4588398881295954,0.4718717669166663,3.95242227567463,0
4.5829957349351425,5.650377502086694,-0.19340144513620386,1.195681564417952,4.333853195540593,0
5.71318774473253,4.021137751841453,0.34023979079000344,0.7718202457320452,3.7865844938548583,0
0.541950292437212,1.6041953035303387,-0.42703872414631566,0.8858813854571815,3.7467526586804105,0
1.655277089470038,1.8063467788357974,-0.21271992091279762,0.8042093316289453,4.056658615132205,0
-4.118196905094003,0.9547863388473875,-0.17839624741045698,0.7171899188598099,3.861603699806738,0
3.9179148884121595,6.47564546911118,-0.19058077250140346,0.7460763553625536,3.8634079077735817,0
4.679429996022181,-0.04619477519770898,-0.1688697526128871,0.6659623350768104,4.2856808841183955,0
2.8750717464738536,-2.474502280312084,0.13285215373027948,1.0761344149728278,3.851211810861995,0
-5.352443935478514,-0.24912455174545456,0.033839715531228366,0.6997345378753932,3.8713336823899955,0
13.014786620408298,6.801356478369803,0.17186636597045782,0.684933384660483,3.9239510832112474,0
6.37545990710254,3.0091769239915895,-0.343552304223197,0.6376981069487385,4.099192999495743,0
5.848946158216056,3.9699718891639235,-0.02065698678670425,1.249700322626832,3.941653133447691,0
0.35024567523362216,2.96472211834002,0.10644248095664201,0.9247672807136306,3.9889517021057848,0
1.970535595896244,0.17057052298915854,-0.1415136805639809,0.8934347433845392,4.2554057652821475,0
1.3738518564576818,-0.8614189462015334,0.3998214898646065,1.3996780516763474,3.8465059372303467,0
3.754641241955276,-0.9573877871845403,-0.016238668959769657,0.7923146337250067,3.4455070514672332,0
11.42734594639957,3.729656151230505,-0.5970286752032298,0.7987258494000284,4.313362449591935,0
9.477202221202525,2.488032075069695,-0.069443365312652,1.186434598118907,4.679754659215425,0
4.6605066633180945,-0.8251210337784914,0.5615957792957983,1.3461644303872897,3.8959419620892906,0
-3.2909618275847485,2.5133727041879736,-0.39837655978290604,1.717521417434917,3.9682887568170275,0
5.978190442653404,3.3961638122872504,0.05708772398931029,1.4181447581723776,4.41401918989763,0
-0.3523977826134501,-1.020508583976165,0.43220636893113235,1.2972145389138494,3.882086012587479,0
5.663352916100032,0.2996721029905891,0.6263759883857872,1.4998238830332067,3.9647280227375172,0
12.746203256217129,7.105100631097569,0.5755038878189709,1.1680492040117503,3.7184634890032875,0
6.142790708271638,-0.9419632337951012,0.20821255761192287,1.1894798537083946,4.127820074524742,0
7.754594175616457,0.10317125994282583,0.3708095111082424,1.2351660726007376,3.852594097775131,0
7.819147048336438,4.862916946832293,0.4836411368996081,1.0675192068724577,3.570427947260934,0
1.5409948180687927,3.5836949120264356,0.5000103930682754,1.143377451310961,3.8019209246000396,0
1.3640820072265292,4.930409035758059,0.43917283960778364,0.6090934858906111,3.9344786749893963,0
13.200411974182881,5.660096371573493,0.13211642781991192,0.9633988225714457,4.107150834717206,0
9.784830706707416,2.6341818338353296,-0.1435331642250803,0.9338934985346873,3.9715465145696225,0
1.558063893916398,5.173027408528093,0.5386492634473691,0.9801701374453561,4.0592795723311195,0
-4.02764686877378,1.325615688277169,-0.413987754962791,0.7382301985405432,4.204123650051358,0
4.102169035024237,4.743902952415347,-0.006972795567479879,1.0533950382987252,4.0547176516245935,0
1.477283684335489,0.045133259645775664,-0.40031417820303095,1.308585228293893,4.347259785969324,0
1.0827528564323683,-0.9953470304729278,-0.24637667421055465,0.9299184644587501,3.9992972113337046,0
4.040698006561068,-1.781293769086862,0.4608137194248938,1.245883735383657,4.2115121264794,0
2.0036069120307682,6.318995895620163,0.012498183300353197,1.25504863511195,3.486213255462447,0
1.447044380638852,2.899115493092014,-0.3354305871013624,0.8843385728488945,3.278507139105621,0
11.635380722866147,3.8210971716619127,0.08765701532749352,0.6847227662955355,4.125345289764429,0
2.346344640937943,-2.2013488036186644,0.6603812304482832,0.6361228705745543,4.070364819427245,0
9.403157399558799,2.4889135879543147,0.12540305845444297,0.5427720117056105,3.559523105132334,0
5.834527386508264,3.302987840172638,-0.29133314139077365,0.8903328955411343,4.046814720722982,0
1.0624839775823667,1.1814780526841508,-0.03250051144356935,1.2794254544201231,4.203436502509262,0
7.589488447662739,0.07075079892568237,0.035506862592259394,0.710588407173902,4.188327606367115,0
1.3599782653760564,6.341522517316527,-0.3876123882388257,1.3589412363512305,4.467383990370083,0
6.4790537855148305,6.163804346928666,0.26006108780018194,0.7312508201018806,3.9644602556644695,0
-4.486951010955971,0.9839142521496422,0.07622703896471829,1.0924091730423482,3.648555980930931,0
0.7800380627161461,1.3027051233760498,-0.1418884474298703,1.1519856681737108,4.040714243867789,0
10.568125702194704,1.8095431662769923,0.05223613046443193,0.6134429803325503,3.812803327091159,0
10.252628508378393,1.0530633566103802,-0.2723257164281612,0.9364805754246828,4.291989242645873,0
-5.1938113660512535,1.7948345075238563,-0.025257786763515564,0.8626736685181797,3.9758895839518007,0
6.600633710366635,5.437516520355167,0.11323735078074129,1.3208931187402606,4.261810694387166,0
5.4945744788556405,7.096481926656004,-0.023512100041802545,0.9675785038916156,3.9909328752183884,0
5.119470687512202,5.429959916049866,-0.47963382748526545,1.096415134580829,3.8036070963323048,0
4.0228672639095375,6.290500144652928,0.18235635283149546,1.0716422253562967,3.7095810177622135,0
-5.56970069327706,0.024117523933625096,-0.40373391973984174,1.7794835550535404,3.9429575649927044,0
3.5047899770668147,5.786878076508154,-0.5982608197280341,1.0687758944398784,4.271356772531685,0
13.409874118533974,6.152078318723305,0.18666083372783185,0.6460058022744712,3.6392106176479646,0
-6.1812596320273165,-1.2174101954885301,0.1420877742753858,0.8028880922081164,3.9837381724828136,0
5.651249723851988,3.442132831644403,0.3102155787365083,0.6121174908450384,3.738824972254083,0
-4.014420716400001,2.01675433703648,0.2771513704871957,1.1377166393766396,4.037608581469826,0
1.6223409628122034,4.469570730599407,0.20071880669587566,0.9129548709920658,3.847588013977722,0
1.3472526369555475,1.119745861297259,-0.4644969588545605,1.4714019006864862,3.841464527409891,0
5.759933123973955,4.606140054188273,0.01030036410325897,1.180116617883238,3.577451684686344,0
-2.9221661080403023,2.769216295368803,-0.30601156656848433,1.292739585801188,3.9152740866296383,0
-2.2193649244942635,3.491292032265449,-0.14351663776192541,1.1563166535900349,4.14316273914061,0
9.335216243258152,0.8869001905222195,0.17867880744619785,0.6567552427998802,4.193463679295722,0
5.358010518765185,-0.3194272273884289,-0.3019576379830648,0.5514452967810888,3.4893277909398392,0
7.516279962687332,6.580262867739643,-0.05760452932719501,1.0323176206409876,4.249736058591677,0
-2.6830086797744115,1.8477696280963154,-0.30285993743673556,0.7015951810853639,3.6811936105928775,0
0.4060752001304219,-0.19162139062301725,-0.0018971355462142436,1.1375927343825392,4.292144475311992,0
4.503334198083158,5.103050906710737,-0.6407269977673917,1.4199766969906489,3.61747882168284,0
3.998621455213769,6.266563287472848,0.32512877813913993,1.0103890135746585,3.659443751382326,0
-4.062588305698777,1.5366202302888088,-0.0037776877339032715,0.8823252783401019,4.07992332108135,0
13.520326329388975,8.730531703862512,-0.554614958759886,0.7186807862294542,4.222062810838803,0
-3.2238771492343816,1.4716882728455964,0.04257096098963712,1.2153781815965394,3.800927400534762,-1
-5.800165825061796,-2.077054294119004,0.3771014553412038,0.4223298615151102,3.7433411858573478,0
0.9043754135879551,-2.625111904177672,-0.11107840341079818,0.7621006054074684,3.74840824994909,0
-5.0596939149864655,-0.47680779022763575,-0.4951459573247645,1.320508803192532,4.130308882329449,0
-1.2967966065338288,4.226760331481531,0.620448669615696,0.922400456507099,3.9786984186126575,0
8.401414493964817,0.7913756910676714,-0.19044124558645373,0.915534075104578,3.3921702848107116,0
-3.2072592016741712,2.21437400384628,-0.22445656234365707,0.7486021267425238,3.5617489851376587,0
2.281660035818759,6.341903387724157,-0.18225352470978262,0.9223041371486511,3.7080876919709813,0
6.109747982902273,0.053619625520999525,0.2997310667058537,1.1687687105848799,3.61430400775878,0
-0.08869120358031468,5.473626717881015,0.06477001171829398,0.846705988270692,4.061159112593741,0
14.704240958816722,6.765230118439419,-0.07560819880280661,1.2285450879511752,3.5402275792894975,0
6.956602316658039,6.548774848261246,0.28086333453692097,0.4860577483656141,4.027508128146193,0
1.8737254596201056,6.414380183954944,0.08827383647210345,0.9075901378318434,4.075779597245532,0
10.957661366966743,4.279267167491347,0.2152328292212016,1.7908498221775186,4.080124045323038,0
13.328808660666212,6.231872125970142,-0.27588050736458797,1.0654345599045374,3.6045130722931575,0
0.42847840211208066,0.36084564596816954,0.08383457214769449,1.1490965220451828,4.087084497592081,0
6.731528398912347,1.8877727208881168,-0.21363904703492134,0.9953660757945948,3.843601917902608,0
1.2432020258223422,5.759306717299995,-0.2713763712630231,0.5073295158923949,4.17072997288202,0
6.893029694960635,3.8208256287233473,-0.12197554799972284,1.4167867335096183,3.676600375364717,0
13.263288796908983,5.798433328140792,0.06494712750085571,1.2997243940776229,3.92879568613126,0
10.588416715249778,3.6084186467369155,0.009003283922231667,0.7490848421327525,4.1335407349911115,0
2.570082373133494,-1.1088444827583748,0.3599510954872853,0.8795602129086816,3.994893325367219,0
4.088609235146114,-0.8468492143810464,-0.004832974038842629,1.0132297155004266,3.99653792190541,0
4.8724109435081955,-0.7147750853572467,-0.24954251948563808,0.9070153170983516,3.891268575973776,0
9.737066908478518,2.224213179084805,0.10159620513383065,1.3642850574076364,3.406457854631179,0
6.247836106475671,-0.4845428295167734,0.31915039534262285,0.7648333897653585,4.120515987313718,0
3.5333684183457392,-0.9840516829621356,-0.2572011547474221,0.721452188376615,3.547889838593528,0
0.08821040152750659,-2.247449944552884,0.09155162850357511,0.8191069402221413,3.7520743581747267,0
2.15659998209936,-1.5357186205146995,-0.3804120031668545,1.0560018044025696,3.0126240625577485,0
5.5766735123995534,5.0132090817322865,-0.14200640964318448,0.8636886952153296,4.126484900761549,0
6.1951785013344365,3.3593106941506248,0.2781716343999393,1.0769629286091242,3.92727475446675,0
1.369240032875913,5.803347714033385,0.006981171997373846,0.907421641054414,3.489563531714514,0
6.639931297745838,4.743406047530625,-0.24472824063792095,0.7765657674196502,4.103203413236651,0
-1.6532541724213903,4.188584795501617,0.15797882848595382,0.9391899978045642,4.4782844841976885,0
6.964546633387324,0.9965284798690083,0.18422146344708154,1.486887912364153,4.173846304186161,0
3.8260304194334234,7.059991717052398,0.37914357398212345,0.63495759863414,4.3698437208263075,0
-4.944567825321949,0.8312173833649992,-0.30064152706956504,0.7939365687243387,3.98809960279161,0
-2.069976235567683,3.244515678465728,0.17876324493501944,1.1903501148674727,4.215577972251051,0
2.61883781310985,-1.6942359042986466,-0.08402241399728089,0.8645916462697565,3.9801822124183666,0
6.134056976034356,-0.403346916561065,0.20227616860316353,1.4192303450349173,4.1597792630697965,0
-2.4489253520630276,2.658558284925802,0.7636191453436753,1.165368419440843,3.628972351502946,0
1.372365124631253,3.865904671272699,-0.21592216911460413,1.8770275208150877,4.147586157886021,0
-4.705467650278258,-0.07185220076544985,0.05848045007000022,1.2382359967356333,4.564720707906981,0
3.3716833458352435,6.727559782528479,-0.017352970110763234,0.6393179791279195,4.231602085747724,0
4.410841811525783,6.742222536896426,-0.1722892429274331,1.3823101024605582,3.8099321249108646,0
0.634909404334623,-0.2766398194474312,-0.26206675702252097,0.8474243195928723,3.88803952464255,0
5.260704591568915,5.918512414324437,0.010996023489791663,1.4978716828302503,4.180372553488792,0
10.573389607541325,2.4421180861341796,0.13489343506005821,1.0533623024555592,3.336912324662264,0
7.716860796487008,0.8031850624558291,0.08665502162616154,1.334073730056864,3.8584824764264565,0
-3.638043341518669,1.1723608091783526,-0.5922753792933073,1.164655106610399,3.555181895973311,0
7.017373226850395,3.2842982473155553,-0.01679858665524919,0.7971080296911124,4.280843323481089,0
-6.368958197890434,-1.7162374047747924,0.17634096813318625,0.871416817212127,3.619402819140727,0
6.363806875327319,3.730555751211607,0.410605154970395,1.280548591475673,3.708849357038866,0
5.633483218523841,6.265106368908,0.13281724549713333,1.5926654978118902,3.7546131206930182,0
5.60124606740439,-1.5070483348551678,-0.07917549636440285,0.9056463953665963,3.830898132504204,0
10.126266790424248,2.849502858896091,-0.7475812531519624,1.2684235107397086,3.761438266091701,0
4.729284210896147,0.9454633031900717,-0.4291172269587213,1.1851449937519751,4.224411639930687,0
11.561380820828454,3.087120571317583,0.39302814766213917,1.7358329915248019,3.8433104080624334,0
1.1413553121449063,0.7404348116793489,0.3045405458975005,0.7512464277859444,4.092162223282807,0
0.9711676531923651,-1.3757885999727248,0.16412006247110938,1.1868389078121238,3.996925833274203,0
7.436942401579951,4.44604959467953,-0.102720333360502,0.6913172212220331,4.135636771785122,0
3.422743514852712,-2.557955992003744,-0.47232545888219507,0.9508958836973134,3.4790769270337205,0
9.272880254387553,1.9737175755197174,-0.06555983572539208,0.4513979956642459,4.3604009469676335,0
4.654888379228131,7.004237634377352,-0.031575917810332164,0.49498482189448845,3.8338159781414163,0
2.5733844437849904,6.0013133715648745,0.23638483901883364,0.8072448749176806,4.4645783767774665,0
11.807040399210111,5.010925752582307,0.09402983509932133,1.2832487566206123,4.137318671539132,0
-3.835331514313073,0.8567280289021505,0.1703055724966387,0.7732037167250063,4.095846275020852,0
11.50707218396835,3.951674430479247,0.02758497387226994,0.8054328752406416,3.639128636722998,0
-0.10709281945187366,1.7522816573798836,-0.24671365890464575,0.4829467349476617,3.8734342533451724,0
4.703028717257269,5.769121484387749,-0.40514970744758516,0.9148067150204161,4.0683869535025,0
-4.754996772207888,0.5233494932427968,-0.5007971754306165,1.3912281553585686,4.043332309708558,0
3.206365637550992,6.250935805332844,0.4987844259061363,1.0746979661426643,3.8924339713927,0
6.348738631421354,1.4588072836249675,0.28760104882489695,0.8828166106854944,4.398463605670328,0
6.40741073203946,5.86096185104032,0.14916103986681362,1.0864872073395728,4.121543353101014,0
6.790345559563014,6.385051030269475,0.21727054965242415,1.5605257121103993,3.9713675361042404,0
1.6591875892885641,-1.6307458791417873,0.715121375287238,1.2429580439656895,4.14655558452118,0
2.1444477660106624,-0.2487421746888856,-0.2599900947863331,0.949635547736305,4.312707737671222,0
-6.1534438180189985,-0.7819897817514876,-0.32648780297501007,1.0666389107702112,3.9343702560997493,0
3.77851048578958,6.89086760960907,-0.18884944404915968,0.9440810585105966,3.160809879229111,0
5.037265151786165,5.622796984591119,-0.1263962085904946,0.6251056067170362,4.106831210959476,0
-1.5690020745676487,2.8004966810069014,-0.07054907562109941,1.4980072618052067,3.8102440472946464,0
-4.726196671721421,0.47147862535539753,0.41056404255763523,1.7809144690671603,4.145474184000442,0
2.2736687198273557,-0.8495109234244943,-0.0031224431549609698,1.6361946784225994,3.860395340139557,0
-1.5783294562504417,4.065719292097999,0.3447287761457271,0.6422901512632078,4.0224154393957825,0
2.8530333812905972,-0.6851243302718824,-0.40790373020714554,1.34646156279242,4.176533020597517,0
3.9945352767807756,7.927850946249972,-0.04596915653367221,1.3220781979627052,4.1148723638697895,0
-2.301924878684573,3.4617619523552725,-0.012998834490256668,1.0513054189582225,3.78137414574659,0
0.7164330114942141,4.569443602034711,-0.09911767047136555,1.1057050628555212,4.3353995202015,0
0.45131276652659724,3.2540495091675594,-0.24839892144229606,1.0750945630189115,3.8632617329990966,0
1.6694218628967357,0.7501122730950377,0.002529685638945541,0.895154775030384,4.563617067130535,0
-0.8550633209219023,5.383132826943429,-0.21676974044317743,0.9922225751900533,3.5944707774999687,0
9.029082148810646,2.3160482246108915,-0.6534271519468463,0.9732279135507974,4.227226284663716,0
2.1060215568145058,-1.5642878350606875,-0.15922136031374862,0.6332375731015576,3.8141789479296975,0
0.9107989732054723,-0.48430757431381133,-0.300530216838099,1.4919970704262102,3.5964883198057924,0
2.68776960488936,5.7578972688567145,-0.2648443964018557,1.3336829179600787,3.7497443200653984,0
4.286021792868895,6.12465009102244,-0.3035040486039426,0.8255048333649684,4.430212757491906,0
2.7024084297741453,7.459209322250665,-0.07676237772308521,1.2218394809871198,4.2203168027762565,0
11.763917581154399,4.869803098241248,0.1987333218763723,0.768546354976775,3.6092919136070543,0
1.994758216810972,6.423311387880289,0.11565428905575016,1.6952100685693339,3.923251802831894,0
9.872950570555279,2.407617558625375,-0.23470313736189508,1.4548353936735499,4.345842705932687,0
11.315469492562194,4.321976277874105,0.5218606706985136,1.321935889030308,3.965416366901054,0
0.33260323760515736,0.7867725010863579,-0.09837596733757935,0.835176855957061,4.056416861413612,0
7.005061246157033,2.469971498695168,0.21874567985312884,0.7913000720815324,3.640509226255191,0
11.89624515825188,4.889936087510274,-0.2130260587831732,0.7456499210576653,4.152000380817427,0
-5.837043458290636,-1.8564325645258117,0.22611510448992345,0.7043649434967038,3.784507557038172,0
-2.993536129934677,2.7214181085403886,0.4305258537702857,0.806742666869301,3.652107790644484,0
13.618489879915881,7.4297955100738715,-0.09365108020412233,0.7296762235514161,4.231622660907496,0
9.467034412103954,1.0327219776634688,-0.07044697636564433,0.9733560400071225,4.719195383250961,0
9.833162208327357,2.2313481979632956,-0.7875193044101579,1.3242636643467722,4.150269584018232,0
-4.666214498241525,-0.13693867607424104,0.24739854661688637,1.3099905406337422,4.14498291114249,0
12.494832339407782,5.071048336946422,-0.023198217599774678,1.2632326817830757,4.786232247183966,0
6.190563176238836,2.452051663640579,-0.04538730162137009,0.7409778023196499,3.712167151039748,0
5.924033958648822,4.5350259490845355,-0.05808138602267984,1.1213968810637538,4.057573760537757,0
3.653565856806667,-1.6189380964841713,0.05388547702947961,0.17639737628180863,3.9861543684327567,0
2.5000463926848546,-1.4177105351133719,0.30100294656462395,1.3307297635978863,3.7632417953617603,0
0.5861829865235462,5.317135870799727,-0.09068856336967626,0.5375893056300209,3.796430051746058,0
2.6923828541337995,-1.3152512875961941,0.5446144692685054,1.033572293619329,3.509520644925842,0
-2.1099520964428646,4.009235046849061,0.16004755625489228,1.0156212403094709,3.55996763161238,0
6.08185919520162,-0.4257403555222894,0.04514670279844255,0.4163215775792778,4.223411223532171,0
3.562750765833563,5.979981087298701,0.07066433345063636,1.481011765524121,4.26875428865562,0
6.424277486778378,4.908259487874455,-0.39288396562468914,1.4682832637302692,3.620288229567522,0
